title,url,year,author
'Too Hot' To Sell Lingerie?! The Appearance-Based Female Workplace Dress Code,https://www.forbes.com/sites/worldviews/2012/05/22/too-hot-to-sell-lingerie-the-appearance-based-female-workplace-dress-code/,2012,Cheryl Isaac
10 Fun and Easy Work-Appropriate Halloween Costumes,https://www.forbes.com/sites/leliagowland/2018/10/29/10-fun-and-easy-work-appropriate-halloween-costumes/,2018,Lelia Gowland
10 Tips On Dressing For Workplace From Scandal's Costume Designer,https://www.forbes.com/sites/sboyd/2016/02/12/10-tips-on-dressing-for-workplace-from-scandals-costume-designer/,2016,Sarah Boyd
12 Floaty Summer Dresses For Working From Home,https://www.forbes.com/sites/forbes-personal-shopper/2020/05/21/summer-dresses-for-working-from-home-midi-dresses/,2020,Lauren Joseph
12 Tips For Writing A Fair And Appropriate Employee Dress Code,https://www.forbes.com/sites/forbeshumanresourcescouncil/2019/01/23/12-tips-for-writing-a-fair-and-appropriate-employee-dress-code/,2019,Forbes Human Resources Council
2 Things You Should Never Wear To A Job Interview,https://www.forbes.com/sites/ashiraprossack1/2020/01/30/2-things-you-should-never-wear-to-a-job-interview/,2020,Ashira Prossack
20 Great Business Casual Looks For Summer From Instagram Style Stars,https://www.forbes.com/sites/katiesola/2016/07/21/20-great-business-casual-looks-for-summer-from-instagram-style-stars/,2016,Katie Sola
3 Ways To Dress For Success On Your First Day At Work,https://www.forbes.com/sites/ashleystahl/2019/08/27/3-ways-to-dress-for-success-on-your-first-day-at-work/,2019,Ashley Stahl
4 Employees Dish: What 'Business Casual' Really Means At My Office,https://www.forbes.com/sites/learnvest/2013/09/27/4-employees-dish-what-business-casual-really-means-at-my-office/,2013,LearnVest
5 Workwear Staples To Shop At J. Crew's Sale This Weekend,https://www.forbes.com/sites/forbes-personal-shopper/2019/02/17/5-workwear-staples-to-shop-at-j-crews-sale-this-weekend/,2019,Elisa Lewittes
7 Wardrobe Pieces That Transition Seamlessly From Day-To-Night,https://www.forbes.com/sites/forbes-personal-shopper/2018/08/09/7-wardrobe-pieces-that-transition-seamlessly-from-day-to-night/,2018,Elisa Lewittes
8 Tips To Dress For Interview Success,https://www.forbes.com/sites/lisaquast/2014/01/27/8-tips-to-dress-for-interview-success/,2014,Lisa Quast
A Leader's Guide To Using A Stylist,https://www.forbes.com/sites/forbescoachescouncil/2019/12/03/a-leaders-guide-to-using-a-stylist/,2019,Sheila Goldgrab
A Plea For The Dress Watch,https://www.forbes.com/sites/jackforster/2012/08/19/a-plea-for-the-dress-watch/,2012,Jack Forster
A Valentine's Day Dress You Can Wear To Work,https://www.forbes.com/sites/forbesstylefile/2014/01/30/a-valentines-day-dress-you-can-wear-to-work-5/,2014,Danielle Dobin
American Footwear Brand Florsheim Takes Back The Family Business While Stepping Into The Bright Future,https://www.forbes.com/sites/josephdeacetis/2019/12/10/american-footwear-brand-florsheim-takes-back-the-family-business-while-stepping-into-the-bright-future/,2019,Joseph DeAcetis
Anyone Pining For ‘Formal Fridays?’,https://www.forbes.com/sites/mariansalzman/2020/10/29/anyone-pining-for-formal-fridays/,2020,Marian Salzman
Are Millennial Employees Driving Casual Dress Codes?,https://www.forbes.com/sites/sarahlandrum/2017/06/16/are-millennials-driving-casual-dress-codes/,2017,Sarah Landrum
Barclays boss bans casual hipster chic,https://www.forbes.com/sites/kittyknowles/2015/08/07/barclays-dressed-down-clothing-flip-flop-ban-bpay-flop/,2015,Kitty Knowles
Behind The Scenes With Alton Lane The Leading Purveyor Of Premium Bespoke Menswear,https://www.forbes.com/sites/josephdeacetis/2020/03/17/behind-the-scenes-with-alton-lane-the-leading-purveyor-of-premium-bespoke-menswear/,2020,Joseph DeAcetis
Best Women's Business Suits For Spring 2020,https://www.forbes.com/sites/forbes-personal-shopper/2020/04/09/best-womens-business-suits/,2020,Lauren Stoll
Boss Demanding Business Attire? Don't Sweat It,https://www.forbes.com/sites/levelup/2016/07/20/boss-demanding-business-attire-dont-sweat-it/,2016,Bankable
CES Doesn't Think Booth Babes Are A Problem. Here's Why They're Wrong,https://www.forbes.com/sites/connieguglielmo/2013/01/30/ces-has-no-formal-complaints-about-booth-babes-time-to-change-that/,2013,Connie Guglielmo
Can Dressing Well Increase Your Income in 2013?,https://www.forbes.com/sites/cherylsnappconner/2013/01/01/can-dressing-well-increase-your-income-in-2013/,2013,Cheryl Conner
Can I Wear A Blazer With An Oversized Bow To The Office?,https://www.forbes.com/sites/forbesstylefile/2013/08/05/can-i-wear-a-blazer-with-an-oversized-bow-to-the-office/,2013,Cher Cecil
Can I Wear Patterned Tights To The Office?,https://www.forbes.com/sites/forbesstylefile/2013/11/25/can-i-wear-patterned-tights-to-the-office/,2013,Cher Cecil
Can I Wear Peplum To Work?,https://www.forbes.com/sites/forbesstylefile/2013/05/13/style-strategy-can-i-wear-peplum-to-work/,2013,Cher Cecil
Carolina Herrera Seduces With Smooth Fabric And Printed Color _ Summer 2012 Collection,https://www.forbes.com/sites/josephdeacetis/2012/06/11/caroline-herrera-adds-a-burst-of-printed-color-with-the-summer-2012-collection/,2012,Joseph DeAcetis
Chase Taps Jason Wu For The Chicest Bank Uniforms,https://www.forbes.com/sites/celiashatzman/2019/06/25/chase-taps-jason-wu-for-the-chicest-bank-uniforms/,2019,Celia Shatzman
Chic Nursing Dresses That Will Make Breastfeeding And Pumping Easier,https://www.forbes.com/sites/tanyaklich/2019/07/01/chic-nursing-dresses-that-will-make-breastfeeding-and-pumping-easier/,2019,Tanya Klich
Clinton Kelly On What Not To Wear to Work,https://www.forbes.com/sites/meghancasserly/2010/11/08/clinton-kelly-what-not-to-wear-to-work-tlc/,2010,Meghan Casserly
Could Wearing Red Boost Your Earnings?,https://www.forbes.com/sites/jennagoudreau/2012/08/08/could-wearing-red-boost-your-earnings/,2012,Jenna Goudreau
Covington High Schoolers: If You Don't Want To Be Seen As Racist Maybe Don't Wear A MAGA Cap,https://www.forbes.com/sites/toddessig/2019/01/25/covington-hs-if-you-dont-want-to-be-seen-as-a-racist-dont-wear-maga-caps/,2019,Todd Essig
Delta To Replace Uniforms That Employees Said Made Them Sick,https://www.forbes.com/sites/tedreed/2020/01/30/delta-plans-second-uniform-rollout-as-flight-attendant-union-organizing-continues/,2020,Ted Reed
Designer Spotlight: 25Bedford Redefines The Power Suit,https://www.forbes.com/sites/forbesstylefile/2014/02/20/designer-spotlight-25bedford-redefines-the-power-suit/,2014,Kristina Moore
Designer Spotlight: AELLA Fast Forwards Performance Activewear For The Office,https://www.forbes.com/sites/forbesstylefile/2015/10/15/designer-spotlight-aella-fast-forwards-performance-activewear-for-the-office/,2015,Kristina Moore
Designer Spotlight: Carrie Hammer Fuses Beauty And Brains,https://www.forbes.com/sites/forbesstylefile/2014/03/06/designer-spotlight-carrie-hammer-fuses-beauty-and-brains/,2014,Kristina Moore
Designer Spotlight: Costume Designer Daniel Lawson Talks 'The Good Wife' And 35•DL Debut,https://www.forbes.com/sites/forbesstylefile/2014/03/13/designer-spotlight-costume-designer-daniel-lawson-talks-the-good-wife-and-35dl-debut/,2014,Kristina Moore
Designer Spotlight: Jia Collection Rethinks Workwear Through Convertible Designs,https://www.forbes.com/sites/forbesstylefile/2014/04/10/designer-spotlight-jia-collection-rethinks-workwear-through-convertible-designs/,2014,Kristina Moore
Designer Spotlight: London Designers Contribute British Ethos To Women's Career Wear,https://www.forbes.com/sites/forbesstylefile/2015/12/10/designer-spotlight-london-designers-contribute-british-ethos-to-womens-career-wear/,2015,Kristina Moore
Designer Spotlight: Nora Gardner Turns A Careerwear Challenge Into Winning Looks,https://www.forbes.com/sites/forbesstylefile/2014/03/27/designer-spotlight-nora-gardner-turns-a-careerwear-challenge-into-winning-looks/,2014,Kristina Moore
Designer Spotlight: Of Mercer Aims To Outfit Career Ambition,https://www.forbes.com/sites/forbesstylefile/2014/01/23/designer-spotlight-of-mercer-aims-to-outfit-career-ambition/,2014,Kristina Moore
Do Dress Codes Prescribe The Success Of Your Company?,https://www.forbes.com/sites/forbeshumanresourcescouncil/2018/10/22/do-dress-codes-prescribe-the-success-of-your-company/,2018,Debra Corey
Does Your Choice Of Work Outfit Make You More Productive?,https://www.forbes.com/sites/alisoncoleman/2016/03/20/does-your-choice-of-work-outfit-make-you-more-productive/,2016,Alison Coleman
Don't Sweat The Small Stuff: What To Do When Summer Is Pitted Against You,https://www.forbes.com/sites/moiraforbes/2013/06/21/dont-sweat-the-small-stuff-what-to-do-when-summer-is-pitted-against-you/,2013,Moira Forbes
Dress Code Decoded: Work BBQ,https://www.forbes.com/sites/forbesstylefile/2013/06/12/dress-code-decoded-work-bbq/,2013,Halsey Schroeder
Dress The Part For The Job You Want,https://www.forbes.com/sites/lizryan/2016/03/09/dress-the-part-for-the-job-you-want/,2016,Liz Ryan
Dress To Express: Ironing Out The Mysteries In Work Dress Codes,https://www.forbes.com/sites/robasghar/2014/05/27/dress-to-express-ironing-out-the-mysteries-in-work-dress-codes/,2014,Rob Asghar
Dressing Appropriately For Work: A How To,https://www.forbes.com/sites/terriburns/2016/09/14/dressing-appropriately-for-work-a-how-to/,2016,Terri Burns
Dressing For Online Meetings In The Coronavirus Era - There’s Actually Science Behind It,https://www.forbes.com/sites/marshallshepherd/2020/04/16/dressing-for-online-meetings-in-the-coronavirus-eratheres-actually-science-behind-it/,2020,Marshall Shepherd
Empowered Women No Longer Need A Power Suit,https://www.forbes.com/sites/bonniemarcus/2015/08/24/empowered-women-no-longer-need-a-power-suit/,2015,Bonnie Marcus
Find Out Why Active Professionals Will Love These Socks You Can Wear To The Office And The Gym,https://www.forbes.com/sites/josephdeacetis/2020/01/09/find-out-why-active-professionals-will-love-these-socks-you-can-wear-to-the-office-and-the-gym/,2020,Joseph DeAcetis
First Impressions Count: The Business Value Of Dressing For Success,https://www.forbes.com/sites/davidkwilliams/2013/08/09/first-impressions-count-the-business-value-of-dressing-for-success/,2013,David K. Williams
Five Rules For Cultivating A More Professional Appearance At Work,https://www.forbes.com/sites/yec/2016/08/02/five-ways-to-cultivate-your-professional-appearance-at-work/,2016,YEC Women
Five Ways HR Leaders Can Encourage Style In The Workplace,https://www.forbes.com/sites/forbeshumanresourcescouncil/2016/10/25/five-ways-hr-leaders-can-encourage-style-in-the-workplace/,2016,Forbes Human Resources Council
Four Ways Leaders Misstep With Their Wardrobe,https://www.forbes.com/sites/forbescoachescouncil/2019/11/07/four-ways-leaders-misstep-with-their-wardrobe/,2019,Sheila Goldgrab
Four Ways to Look Your Best at Work,https://www.forbes.com/sites/dorieclark/2013/04/05/four-ways-to-look-your-best-at-work/,2013,Dorie Clark
From Good Men to Well-Dressed Men: Two Unexpected Entrepreneurs,https://www.forbes.com/sites/goodmenproject/2012/07/19/from-good-men-to-well-dressed-men-two-unexpected-entrepreneurs/,2012,The Good Men Project
Gender-Based Dress Codes: Human Resources Diversity And Legal Impact,https://www.forbes.com/sites/forbeshumanresourcescouncil/2018/09/28/gender-based-dress-codes-human-resources-diversity-and-legal-impact/,2018,"Mirande Valbrune Esq., SPHR"
Going To HubSpot's Inbound Marketing Conference? Wear Summer's Biggest Trends,https://www.forbes.com/sites/forbesstylefile/2013/08/06/going-to-hubspots-inbound-marketing-conference-wear-summers-biggest-trends/,2013,Kristina Moore
Gotta Look Sharp? The Growth Of Business Casual At The Office And Charles Tyrwhitt's Response,https://www.forbes.com/sites/charlesrtaylor/2019/06/10/gotta-look-sharp-the-growth-of-business-casual-at-the-office/,2019,Charles Taylor
High Heels And Workplace Dress Codes: Urgent Action Needed Say U.K. MPs,https://www.forbes.com/sites/dinamedland/2017/01/25/high-heels-and-workplace-dress-codes-urgent-action-needed-say-u-k-mps/,2017,Dina Medland
How A Tailored Suit Is Helping Improve Graduation Rates,https://www.forbes.com/sites/ruthgotian/2020/10/06/how-a-tailored-suit-is-helping-improve-graduation-rates/,2020,Dr. Ruth Gotian
How Art Of The Gentlewoman Aims To Create A Pantsuit Nation,https://www.forbes.com/sites/barrysamaha/2017/04/11/art-of-the-gentkewomen-label-pantsuit-nation-womens-suits/,2017,Barry Samaha
How Black Lapel Has Given Men A New Form Of Self Expression,https://www.forbes.com/sites/josephdeacetis/2018/05/18/how-black-lapel-has-given-men-a-new-form-of-self-expression/,2018,Joseph DeAcetis
How Do I Tell Anita Her Outfits Aren't Work Appropriate?,https://www.forbes.com/sites/lizryan/2017/03/16/how-do-i-tell-anita-her-outfits-arent-work-appropriate/,2017,Liz Ryan
How Moda Operandi's Menswear Strategy Is Taking Shape Under New Leadership,https://www.forbes.com/sites/marioabad/2019/04/17/moda-operandi-mens-josh-peskowitz/,2019,Mario Abad
How Politicians Market Themselves Based On What They Wear,https://www.forbes.com/sites/ajagrawal/2016/05/19/how-politicians-market-themselves-based-on-what-they-wear/,2016,AJ Agrawal
How Savvy Businesswomen Dress For Success,https://www.forbes.com/sites/carolkinseygoman/2018/10/18/how-savvy-business-women-dress-for-success/,2018,Carol Kinsey Goman
How Short A Skirt Is Too Short For Work?,https://www.forbes.com/sites/lizryan/2015/05/24/how-short-a-skirt-is-too-short-for-the-office/,2015,Liz Ryan
How To Dress For Success,https://www.forbes.com/sites/sboyd/2016/09/24/how-to-dress-for-success/,2016,Sarah Boyd
How To Dress For Success In The Warm Summer Months,https://www.forbes.com/sites/jacquelynsmith/2013/04/17/how-to-dress-for-success-in-the-warm-summer-months/,2013,Jacquelyn Smith
How To Dress For Your Next Job Interview,https://www.forbes.com/sites/jacquelynsmith/2013/06/20/how-to-dress-for-your-next-job-interview/,2013,Jacquelyn Smith
How To Dress Like The Boss,https://www.forbes.com/sites/meghancasserly/2010/10/26/dress-boss-working-wardrobe-milly/,2010,Meghan Casserly
How To Implement An Office Dress Code Without Harming Employees' Self-Expression,https://www.forbes.com/sites/forbeshumanresourcescouncil/2020/02/05/how-to-implement-an-office-dress-code-without-harming-employees-self-expression/,2020,Forbes Human Resources Council
How To Interview In Style Despite The Heat,https://www.forbes.com/sites/forbesstylefile/2013/07/19/how-to-interview-in-style-despite-the-heat/,2013,Jaime Petkanics
How To Look Professional In Boiling Hot Weather,https://www.forbes.com/sites/nextavenue/2013/07/29/how-to-look-professional-in-boiling-hot-weather/,2013,Nancy Collamer
How To Make Your Work Wardrobe Work For You,https://www.forbes.com/sites/elanagross/2017/06/06/how-to-make-your-work-wardrobe-work-for-you/,2017,Elana Lyn Gross
How Young Black Boys Get ‘Tied’ To Success,https://www.forbes.com/sites/maryannreid/2020/02/26/how-young-black-boys-get-tied-to-success/,2020,Maryann Reid
How Your Clothes Can Help You Get Promoted,https://www.forbes.com/sites/victorlipman/2018/06/08/how-your-clothes-can-help-you-get-promoted/,2018,Victor Lipman
In Suit We Trust: Fashion Meets Religion At Suitsupply,https://www.forbes.com/sites/stephanrabimov/2018/10/01/in-suit-we-trust-fashion-meets-religion-at-suitsupply/,2018,Stephan Rabimov
Is 'Professional Presence' A Euphemism Meant To Discourage Diversity?,https://www.forbes.com/sites/forbeshumanresourcescouncil/2019/03/29/is-professional-presence-a-euphemism-meant-to-discourage-diversity/,2019,Tracy Cote
Is Casual Dress Killing Your Productivity At Work?,https://www.forbes.com/sites/ruchikatulshyan/2013/10/17/is-casual-dress-killing-your-productivity-at-work/,2013,Ruchika Tulshyan
Is Sexy The New Power Suit?,https://www.forbes.com/sites/work-in-progress/2012/12/13/is-sexy-the-new-power-suit/,2012,Kristi Hedges
Is Your Style Undermining Your Authentic Self?,https://www.forbes.com/sites/yec/2012/12/18/is-your-style-undermining-your-authentic-self/,2012,Young Entrepreneur Council
Is Your Work Attire Making The Right Impression At Your New Job?,https://www.forbes.com/sites/kathycaprino/2018/06/26/is-your-attire-making-the-right-impression-at-your-new-job-how-to-tell/,2018,Kathy Caprino
It's What Every Professional Woman Needs.  The Seasonless Suit.,https://www.forbes.com/sites/forbesstylefile/2013/05/16/its-what-every-professional-woman-needs-the-seasonless-suit/,2013,Abra Belke
Key Menswear Essentials to Refine Your Personal Style and Wardrobe,https://www.forbes.com/sites/troyalexander/2014/12/29/key-menswear-essentials-to-refine-your-personal-style-and-wardrobe/,2014,Troy Alexander
Ladies What Is Sexy? The Media (And Men) May Have It Wrong,https://www.forbes.com/sites/alicegwalton/2014/02/14/ladies-what-is-sexy-the-media-and-men-may-have-it-wrong/,2014,Alice G. Walton
Look Like A Million Bucks: Shop At Walmart,https://www.forbes.com/sites/forbesstylefile/2013/07/18/look-like-a-million-bucks-shop-at-walmart/,2013,Friederike Sperl
Look Sharp In Pinstripes: Traditional Tailoring Just Got Cool,https://www.forbes.com/sites/forbesstylefile/2013/09/17/look-sharp-in-pinstripes-traditional-tailoring-just-got-cool/,2013,Friederike Sperl
Looking For A New Job? Be Prepared To Invest At Least $200 In This,https://www.forbes.com/sites/emilycanal/2016/07/18/looking-for-a-new-job-be-prepared-to-invest-at-least-200-in-this/,2016,Emily Canal
M.M. LaFleur’s Brilliant Philanthropic Strategy: Give According To Your North Star,https://www.forbes.com/sites/krisputnamwalkerly/2020/03/02/mm-lafleurs-brilliant-philanthropic-strategy-give-according-to-your-north-star/,2020,Kris Putnam-Walkerly
Meet Sharkchaser: The Brand That Launched  Technology In Harmony With Design Aesthetics And Functionality.,https://www.forbes.com/sites/josephdeacetis/2020/03/13/meet-sharkchaser-the-brand-that-launched--technology-in-harmony-with-design-aesthetics-and-functionality/,2020,Joseph DeAcetis
Millennials Dress Casually At Work And It's Helping The Athleisure Industry Explode,https://www.forbes.com/sites/wesgay/2017/07/26/millennials-casual-dress/,2017,Wes Gay
Millennials Here's How You Can Dress Smarter At Work,https://www.forbes.com/sites/wesgay/2017/05/30/millennials-workplace-wardrobe/,2017,Wes Gay
Most Plus-Size Women Can't Afford Goop's New Collection. Here's Why,https://www.forbes.com/sites/virgietovar/2018/12/12/can-plus-size-women-afford-goops-new-collection/,2018,Virgie Tovar
New Clothing Delivery Service Debuts For Bedhopping Men Who Still Have To Dress For Work,https://www.forbes.com/sites/rachellebergstein/2017/08/25/new-clothing-delivery-service-debuts-for-bedhopping-men-who-still-have-to-dress-for-work/,2017,Rachelle Bergstein
Nine Basic Wardrobe Mistakes And How They Reveal Your Insecurities,https://www.forbes.com/sites/jennagoudreau/2012/03/06/nine-basic-wardrobe-mistakes-and-how-they-reveal-your-insecurities/,2012,Jenna Goudreau
Nordstrom Is Nation's Favorite Fashion Store But Kohl's Wins For...Business Attire?,https://www.forbes.com/sites/clareoconnor/2013/12/10/nordstrom-is-nations-favorite-fashion-store-but-kohls-wins-for-business-attire/,2013,Clare O'Connor
Plus Size Dresses for Work and Play,https://www.forbes.com/sites/robinraven/2019/12/13/plus-size-dresses-for-work-and-play/,2019,Robin Raven
Power Wear: BIO International Convention 2015,https://www.forbes.com/sites/forbesstylefile/2015/06/09/power-wear-bio-international-convention-2015/,2015,Kristina Moore
Power Wear: Milken Institute Global Conference 2015,https://www.forbes.com/sites/forbesstylefile/2015/04/21/power-wear-milken-institute-global-conference-2015/,2015,Kristina Moore
Power Wear: TiEcon 2015,https://www.forbes.com/sites/forbesstylefile/2015/05/05/power-wear-tiecon-2015/,2015,Kristina Moore
Queer Eye's' Tan France On How to Buy the Perfect Suit,https://www.forbes.com/sites/barrysamaha/2018/07/24/queer-eye-tan-france-how-to-buy-suits-mens-wearhouse/,2018,Barry Samaha
Renee Gork And What Not To Wear To Work,https://www.forbes.com/sites/carolinehoward/2010/08/17/renee-gork-and-what-not-to-wear-to-work/,2010,Caroline Howard
Scanty Fashion Not Just Inappropriate for School,https://www.forbes.com/sites/work-in-progress/2010/09/01/scanty-fashion-not-just-inappropriate-for-school/,2010,Emily Jasper
Short-Sleeve Sheath Dresses For Hot Summer Days,https://www.forbes.com/sites/forbesstylefile/2013/06/27/short-sleeve-sheath-dresses-for-hot-summer-days/,2013,Abra Belke
Should People Really Dress For The Job They Want Not The Job They Have?,https://www.forbes.com/sites/quora/2018/11/15/should-people-really-dress-for-the-job-they-want-not-the-job-they-have/,2018,Quora
Small Business People Don't Automatically Get a Pass on Dressing for Success,https://www.forbes.com/sites/denakouremetis/2013/01/02/small-business-people-dont-automatically-get-a-pass-on-dressing-for-success/,2013,Dena Kouremetis
"Sneakernomics: What's Next For ""Athleisure""?",https://www.forbes.com/sites/mattpowell/2015/03/06/sneakernomics-whats-next-for-athleisure/,2015,Matt Powell
St. John's New Standard: Dressing The Leaders Of The Future!,https://www.forbes.com/sites/josephdeacetis/2017/11/17/st-johns-new-standard-dressing-the-leaders-of-the-future/,2017,Joseph DeAcetis
Stylish Totes For Working Women,https://www.forbes.com/sites/forbesstylefile/2014/02/06/stylish-totes-for-working-women/,2014,Abra Belke
Sustainable Efforts: Leading British Menswear Brand Oliver Spencer And The Modern World,https://www.forbes.com/sites/josephdeacetis/2019/10/09/leading-british-menswear-for-the-modern-world/,2019,Joseph DeAcetis
TIFF Countdown And The Best Fashions With NKPR President Natasha Koifman,https://www.forbes.com/sites/tiffanyleigh/2018/08/20/toronto-international-film-festival-countdown-and-the-best-fashions-with-natasha-koifman/,2018,Tiffany Leigh
Take The Worry Out Of What To Wear With MM.LaFleur,https://www.forbes.com/sites/forbes-personal-shopper/2018/05/07/take-the-worry-out-of-what-to-wear-with-mm-lafleur/,2018,Forbes Vetted
Tall Boots For Chilly Offices,https://www.forbes.com/sites/forbesstylefile/2013/12/12/tall-boots-for-chilly-offices/,2013,Abra Belke
Ten Things Never Ever To Wear To Work,https://www.forbes.com/sites/lizryan/2017/10/30/ten-things-never-ever-to-wear-to-work/,2017,Liz Ryan
The (Updated) Real Reason Why Famous Founders Wear the Same Clothes Every Day,https://www.forbes.com/sites/nickhobson/2017/12/15/the-updated-real-reason-why-famous-founders-wear-the-same-clothes-every-day/,2017,Nick Hobson
The Capitalist Touch:  Various Shades Of Energetic Dressing: By Canali,https://www.forbes.com/sites/josephdeacetis/2013/04/15/the-capitalist-touch-various-shades-of-energetic-dressing-by-canali/,2013,Joseph DeAcetis
The Capitalist Touch: High-Octane Tailored Blues - Tom Ford,https://www.forbes.com/sites/josephdeacetis/2014/03/28/the-capitalist-touch-tom-ford/,2014,Joseph DeAcetis
The Capitalist Touch: Luxury Menswear Fit For The King Of Savoia,https://www.forbes.com/sites/josephdeacetis/2013/02/23/the-capitalist-touch-luxury-menswear-fit-for-the-king-of-savoia/,2013,Joseph DeAcetis
The Capitalist Touch: Nonconformity Gains In Luxury Menswear - Kiton,https://www.forbes.com/sites/josephdeacetis/2013/09/26/the-capitalist-touch-the-acceleration-of-nonconformity-in-luxury-menswear-kiton/,2013,Joseph DeAcetis
The Cardigan: Your New Secret Style Weapon,https://www.forbes.com/sites/forbesstylefile/2013/07/03/the-cardigan-your-new-secret-style-weapon/,2013,Allison Daniels
The Future Of Dress Shirts Is Here -- And It's Sweat-Free,https://www.forbes.com/sites/natalierobehmed/2012/06/22/the-future-of-dress-shirts-is-here-and-its-sweat-free/,2012,Natalie Robehmed
The Future Of Fashion Caters To The Home-Bound Customer,https://www.forbes.com/sites/blakemorgan/2020/08/24/the-future-of-fashion-caters-to-the-home-bound-customer/,2020,Blake Morgan
The Future Of The Luxury Denim Business,https://www.forbes.com/sites/josephdeacetis/2017/01/19/the-future-of-the-luxury-denim-business/,2017,Joseph DeAcetis
The Great Pantyhose Debate Of 2012,https://www.forbes.com/sites/meghancasserly/2011/11/10/leggs-the-great-pantyhose-debate-of-2012/,2011,Meghan Casserly
The Millennials Behind Argent Want To Reinvent Women's Office Attire,https://www.forbes.com/sites/viviennedecker/2017/01/31/the-millennials-behind-argent-want-to-reinvent-womens-office-attire/,2017,Vivienne Decker
The Most Comfortable Work Clothes,https://www.forbes.com/sites/forbes-personal-shopper/2018/05/14/the-most-comfortable-work-clothes/,2018,Forbes Vetted
The New Creative Menswear Dress For Success Style,https://www.forbes.com/sites/josephdeacetis/2020/09/01/the-new-creative-menswear-dress-for-success-style/,2020,Joseph DeAcetis
The New Startup Attire: Just Be You,https://www.forbes.com/sites/rodneywilliams/2017/03/30/the-new-startup-attire-just-be-you/,2017,Rodney Williams
The Perfect Cocktail Dress For Work Events,https://www.forbes.com/sites/forbesstylefile/2013/10/31/the-perfect-cocktail-dress-for-work-events/,2013,Abra Belke
The Perfect Dress For Casual Friday,https://www.forbes.com/sites/forbesstylefile/2013/06/13/the-perfect-dress-for-casual-friday/,2013,Abra Belke
The Reason You Have To See The Crazy Costumes of 80's Wall Street On Showtime's 'Black Monday',https://www.forbes.com/sites/lindamaleh/2019/02/16/the-reason-you-have-to-see-the-crazy-costumes-of-80s-wall-street-on-showtimes-black-monday/,2019,Linda Maleh
The Recruiter Rejected Me -- Because Of My Outfit,https://www.forbes.com/sites/lizryan/2018/04/22/the-recruiter-rejected-me-because-of-my-outfit/,2018,Liz Ryan
The Team At Sharpe Suiting  Believes People Of All Genders Have The Right To A Great Suit,https://www.forbes.com/sites/mollysprayregen/2019/08/31/the-team-at-sharpe-suiting--believes-people-of-all-genders-have-the-right-to-a-great-suit/,2019,Molly Sprayregen
The humble office shirt just got high-tech,https://www.forbes.com/sites/oliversmith/2016/08/24/office-wear-ministry-of-supply-archive-shirt-gihan-amarasiriwardena-i-donned-a-laser-cut-shirt-for-a-day-and-saw-the-future-of/,2016,Oliver Smith
These Stylish Office Sweatpants Have A 2000 Person Waitlist,https://www.forbes.com/sites/zarastone/2016/08/15/these-stylish-office-sweatpants-have-a-2000-person-waitlist/,2016,Zara Stone
Things Men Don't Understand Part 1: Clothes Joan Didion,https://www.forbes.com/sites/brettsinger/2012/01/13/things-men-dont-understand-part-1-clothes-joan-didion/,2012,Brett Singer
Thinking Of Setting An Office Dress Code? Six Things To Keep In Mind,https://www.forbes.com/sites/forbeshumanresourcescouncil/2017/02/16/thinking-of-setting-an-office-dress-code-six-things-to-keep-in-mind/,2017,Forbes Human Resources Council
This Japanese-Run Boutique Is Changing The Way Singapore's Men Dress At Work And Weekends,https://www.forbes.com/sites/christianbarker/2017/03/14/this-japanese-run-boutique-is-changing-the-way-singapores-men-dress-at-work-and-weekends/,2017,Christian Barker
Two Beaten Down Retail Stocks That Yield Over 5%,https://www.forbes.com/sites/adamsarhan/2016/08/15/two-beaten-down-retail-stocks-that-yield-over-5/,2016,Adam Sarhan
United Airlines Gets Tripped Up By Leggings,https://www.forbes.com/sites/davidvinjamuri/2017/03/27/united-airlines-gets-tripped-up-by-leggings/,2017,David Vinjamuri
United Airlines Is Expanding Its Brand Colors Outside Of Its Iconic Rhapsody Blue,https://www.forbes.com/sites/grantmartin/2018/08/12/united-airlines-is-expanding-its-brand-colors-outside-of-its-iconic-rhapsody-blue/,2018,Grant Martin
Want To Project Confidence At The Office?  Try The Statement Necklace,https://www.forbes.com/sites/forbesstylefile/2013/05/28/want-to-project-confidence-at-the-office-try-the-statement-necklace/,2013,Allison Daniels
Watches: A New Dress For Success Phenomenon For American Men,https://www.forbes.com/sites/josephdeacetis/2020/10/29/watches-a-new-dress-for-success-phenomenon-for-american-men/,2020,Joseph DeAcetis
Watching The Police: Will Two-Way Surveillance Reduce Crime And Increase Accountability?,https://www.forbes.com/sites/tarunwadhwa/2013/06/04/watching-back-how-using-surveillance-technologies-on-law-enforcement-can-improve-policing/,2013,Tarun Wadhwa
Weapons of Documentation: Taser Is Pushing Police Body Cameras Wants To Be Dropbox For Cops,https://www.forbes.com/sites/kashmirhill/2014/11/05/taser-police-body-cams/,2014,Kashmir Hill
Wear to Work: 5 Boot Styles To Buy For Your Work Outfits,https://www.forbes.com/sites/forbes-personal-shopper/2018/10/15/wear-to-work-5-boot-styles-to-buy-for-your-work-outfits/,2018,Elisa Lewittes
Wearable Tech Brings Business To Your Wrist,https://www.forbes.com/sites/samsungbusiness/2015/11/03/wearable-tech-brings-business-to-your-wrist/,2015,Samsung Business Contributor
Wearables And The Immediacy Of Communication,https://www.forbes.com/sites/oreillymedia/2014/03/11/wearables-and-the-immediacy-of-communication/,2014,O'Reilly Media
Wearing It Well: How A Retail Broker Stays Current,https://www.forbes.com/sites/josabank/2017/11/01/wearing-it-well-how-a-retail-broker-stays-current/,2017,JoS. A. Bank
Wedding Attire Fit For A Prince,https://www.forbes.com/sites/janelee/2011/04/29/wedding-attire-fit-for-a-prince/,2011,Jane Lee
What Is Business Casual In An Era Of Hoodies And Sneakers?,https://www.forbes.com/sites/bethanylampland/2017/04/26/what-is-business-casual-in-an-era-of-hoodies-and-sneakers/,2017,Bethany Lampland
What Is Business Casual?,https://www.forbes.com/sites/reneesylvestrewilliams/2012/05/09/what-is-business-casual/,2012,Renee Sylvestre-Williams
What Not To Wear For An Online Interview,https://www.forbes.com/sites/ashiraprossack1/2020/04/23/what-not-to-wear-for-an-online-interview/,2020,Ashira Prossack
What Not To Wear To Work,https://www.forbes.com/sites/work-in-progress/2012/03/08/what-not-to-wear-to-work/,2012,Kristi Hedges
What Not To Wear To Work This Summer,https://www.forbes.com/sites/jennagoudreau/2012/06/05/what-not-to-wear-to-work-this-summer/,2012,Jenna Goudreau
What Should A Dress Code Policy Say?,https://www.forbes.com/sites/lizryan/2017/05/06/what-should-a-dress-code-policy-say/,2017,Liz Ryan
What Should A Speaker Wear?,https://www.forbes.com/sites/nickmorgan/2016/01/21/what-should-a-speaker-wear-3/,2016,Nick Morgan
What Should You Do As Workplace Dress Codes Evolve?,https://www.forbes.com/sites/adp/2017/12/04/what-should-you-do-as-workplace-dress-codes-evolve/,2017,ADP
What To Wear For Your Tech Job Interview,https://www.forbes.com/sites/laurencebradford/2016/08/23/what-to-wear-for-your-tech-job-interview/,2016,Laurence Bradford
What To Wear In A Heat Wave,https://www.forbes.com/sites/sboyd/2016/09/29/what-to-wear-in-a-heat-wave/,2016,Sarah Boyd
What To Wear On TV: A Professional's Crash Course,https://www.forbes.com/sites/forbesstylefile/2013/06/25/what-to-wear-on-tv-a-professionals-crash-course/,2013,Kristina Moore
What To Wear To A Job Interview,https://www.forbes.com/sites/lizryan/2015/03/21/what-to-wear-to-a-job-interview/,2015,Liz Ryan
What To Wear: Clinton Global Initiative 2013 Annual Meeting,https://www.forbes.com/sites/forbesstylefile/2013/09/10/what-to-wear-clinton-global-initiative-2013-annual-meeting/,2013,Kristina Moore
What To Wear: Davos 2014 Annual Meeting,https://www.forbes.com/sites/forbesstylefile/2014/01/14/what-to-wear-davos-2014-annual-meeting/,2014,Kristina Moore
What To Wear: Forbes Global CEO Conference,https://www.forbes.com/sites/forbesstylefile/2013/08/27/what-to-wear-forbes-global-ceo-conference/,2013,Kristina Moore
What To Wear: IABC World Conference,https://www.forbes.com/sites/forbesstylefile/2014/06/03/what-to-wear-iabc-world-conference/,2014,Kristina Moore
What To Wear: Men’s Work-From-Home Fall Essentials List,https://www.forbes.com/sites/cassellferere/2020/09/24/mens-work-from-home-fall-essentials/,2020,Cassell Ferere
What To Wear: Milken Institute Global Conference,https://www.forbes.com/sites/forbesstylefile/2014/04/22/what-to-wear-milken-institute-global-conference/,2014,Kristina Moore
What To Wear: NAPW National Networking Conference,https://www.forbes.com/sites/forbesstylefile/2014/04/15/what-to-wear-napw-national-networking-conference/,2014,Kristina Moore
What To Wear: Salesforce Dreamforce Conference,https://www.forbes.com/sites/forbesstylefile/2013/11/12/what-to-wear-salesforce-dreamforce/,2013,Kristina Moore
What To Wear: The 3% Conference 2014,https://www.forbes.com/sites/forbesstylefile/2014/10/21/what-to-wear-the-three-percent-conference-2014/,2014,Kristina Moore
What To Wear: TiEcon 2014,https://www.forbes.com/sites/forbesstylefile/2014/05/06/what-to-wear-tiecon-2014/,2014,Kristina Moore
What To Wear: World Business Forum 2013,https://www.forbes.com/sites/forbesstylefile/2013/09/24/what-to-wear-world-business-forum-2013/,2013,Kristina Moore
What's Driving Ann Taylor's Store Count?,https://www.forbes.com/sites/greatspeculations/2014/07/17/whats-driving-ann-taylors-store-count/,2014,Trefis Team
Whoever Said There Is No Style In Insurance Doesn’t Know Jorge Pelayo And His Team,https://www.forbes.com/sites/josephdeacetis/2020/06/07/whoever-said-there-is-no-style-in-insurance-doesnt-know-jorge-pelayo-and-his-team/,2020,Joseph DeAcetis
Why Americans Should Look Out For English Shoemaker Harrys Of London,https://www.forbes.com/sites/josephdeacetis/2017/09/19/why-americans-should-look-out-for-english-shoemaker-harrys-of-london/,2017,Joseph DeAcetis
Why Delta Hired Zac Posen,https://www.forbes.com/sites/deniselyohn/2015/05/13/this-is-why-delta-hired-zac-posen/,2015,Denise Lee Yohn
Why HP's New Dress Code Policy Is Ridiculous,https://www.forbes.com/sites/jacobmorgan/2015/07/28/why-hps-new-dress-code-policy-is-ridiculous/,2015,Jacob Morgan
Why Rebecca Taylor Partnered With The Wing To Celebrate Modern Femininity In The Workplace,https://www.forbes.com/sites/yolarobert1/2019/05/09/rebeccataylorpartnerswiththewing/,2019,Yola Robert
Why Sustainable Fashion Matters,https://www.forbes.com/sites/ellevate/2019/10/07/why-sustainable-fashion-matters/,2019,Ellevate
Why The Outrage Over United Shouldn't Have Legs,https://www.forbes.com/sites/christinenegroni/2017/03/27/yoga-pants-and-shredded-jeans-in-no-fly-zone-for-united-employees/,2017,Christine Negroni
Why You Need To Have These Luxury Sneakers Now,https://www.forbes.com/sites/josephdeacetis/2020/11/11/why-you-need-to-have-these-luxury-sneakers-now/,2020,Joseph DeAcetis
Why You Should Dress 25% Better Than Everyone In The Office,https://www.forbes.com/sites/carminegallo/2016/08/27/why-you-should-dress-25-percent-better-than-everyone-in-the-office/,2016,Carmine Gallo
Women Should Give Up Trying To Dress Like Kate Moss,https://www.forbes.com/sites/leahbourne/2011/12/27/women-should-give-up-trying-to-dress-like-kate-moss/,2011,Leah Bourne
Working Women Respond To White House Dress Code Report With #DressLikeAWoman Campaign,https://www.forbes.com/sites/clareoconnor/2017/02/03/working-women-respond-to-white-house-dress-code-report-with-dresslikeawoman-campaign/,2017,Clare O'Connor
Wrinkle Free Business Travel Made Easy,https://www.forbes.com/sites/larryolmsted/2012/12/13/wrinkle-free-business-travel-made-easy/,2012,Larry Olmsted
Yes It Matters What You Wear to Work,https://www.forbes.com/sites/carriekerpen/2017/02/28/yes-it-matters-what-you-wear-to-work/,2017,Carrie Kerpen
‘Don’t Tell Us What To Wear’: Japanese Women Protest Workplace Glasses Ban,https://www.forbes.com/sites/lisettevoytko/2019/11/08/dont-tell-us-what-to-wear-japanese-women-protest-workplace-glasses-ban/,2019,Lisette Voytko
